CustomerID,CustomerName,Gender,Age,City,State,JoinDate
C001,Sanjay Verma,Female,38,Ahmedabad,Gujarat,2022-03-22
C002,Rohan Reddy,Male,46,Pune,Maharashtra,2022-12-05
C003,Priya Kapoor,Male,36,Pune,Maharashtra,2024-12-13
C004,Aman Joshi,Female,42,Ahmedabad,Gujarat,2023-07-13
C005,Ananya Gupta,Female,47,Pune,Maharashtra,2024-04-10
C006,Rahul Patel,Male,28,Hyderabad,Telangana,2022-05-12
C007,Priya Yadav,Male,35,Jaipur,Rajasthan,2022-10-27
C008,Vivaan Kapoor,Male,39,Ahmedabad,Gujarat,2024-05-18
C009,Vikram Patel,Female,54,Delhi,Delhi,2024-02-20
C010,Neha Roy,Female,30,Bengaluru,Karnataka,2022-09-23
C011,Riya Nair,Female,28,Jaipur,Rajasthan,2023-06-11
C012,Karan Das,Male,41,Ahmedabad,Gujarat,2023-04-13
C013,Karan Reddy,Female,41,Jaipur,Rajasthan,2023-12-01
C014,Aditya Kumar,Female,31,Jaipur,Rajasthan,2022-08-13
C015,Sneha Roy,Male,30,Lucknow,Uttar Pradesh,2024-09-26
C016,Meera Verma,Female,27,Jaipur,Rajasthan,2024-05-09
C017,Priya Patel,Female,42,Bengaluru,Karnataka,2023-08-13
C018,Aarav Kapoor,Female,34,Kolkata,West Bengal,2023-03-13
C019,Sanjay Mishra,Female,51,Jaipur,Rajasthan,2023-07-07
C020,Ananya Kumar,Male,27,Pune,Maharashtra,2024-03-09
C021,Meera Chatterjee,Male,60,Ahmedabad,Gujarat,2023-12-17
C022,Meera Patel,Male,42,Hyderabad,Telangana,2023-10-17
C023,Rahul Nair,Male,25,Ahmedabad,Gujarat,2022-04-25
C024,Aman Reddy,Female,50,Bengaluru,Karnataka,2022-02-05
C025,Rahul Singh,Female,18,Mumbai,Maharashtra,2023-01-01
C026,Priya Kumar,Male,48,Chennai,Tamil Nadu,2023-01-03
C027,Priya Chatterjee,Female,29,Mumbai,Maharashtra,2022-11-22
C028,Isha Das,Male,21,Delhi,Delhi,2024-09-27
C029,Ananya Das,Female,19,Kolkata,West Bengal,2022-11-17
C030,Isha Das,Male,20,Chennai,Tamil Nadu,2023-07-18
C031,Priya Singh,Female,31,Hyderabad,Telangana,2023-01-03
C032,Vikram Gupta,Male,21,Lucknow,Uttar Pradesh,2024-04-27
C033,Kavya Das,Female,25,Mumbai,Maharashtra,2024-05-27
C034,Rahul Joshi,Female,20,Bengaluru,Karnataka,2022-12-07
C035,Vikram Kapoor,Male,19,Mumbai,Maharashtra,2022-09-01
C036,Aarav Singh,Male,48,Pune,Maharashtra,2024-04-22
C037,Ankit Yadav,Male,27,Chennai,Tamil Nadu,2024-12-10
C038,Aman Patel,Female,55,Bengaluru,Karnataka,2023-01-11
C039,Isha Kapoor,Male,36,Mumbai,Maharashtra,2022-04-24
C040,Vikram Yadav,Male,52,Delhi,Delhi,2024-06-21
C041,Sanjay Yadav,Male,45,Jaipur,Rajasthan,2024-08-16
C042,Sanjay Chatterjee,Male,48,Jaipur,Rajasthan,2022-04-08
C043,Karan Joshi,Male,41,Ahmedabad,Gujarat,2024-02-02
C044,Isha Joshi,Male,33,Kolkata,West Bengal,2024-03-23
C045,Sanjay Roy,Female,58,Delhi,Delhi,2024-10-18
C046,Priya Verma,Female,36,Jaipur,Rajasthan,2022-01-03
C047,Neha Mishra,Female,47,Hyderabad,Telangana,2024-10-14
C048,Meera Yadav,Male,40,Ahmedabad,Gujarat,2023-01-09
C049,Priya Kumar,Male,22,Bengaluru,Karnataka,2023-11-05
C050,Rahul Gupta,Male,55,Chennai,Tamil Nadu,2024-08-11
C051,Aman Roy,Female,51,Kolkata,West Bengal,2022-02-05
C052,Ankit Sharma,Female,59,Hyderabad,Telangana,2023-11-08
C053,Sneha Singh,Female,34,Chennai,Tamil Nadu,2024-12-16
C054,Karan Roy,Female,30,Delhi,Delhi,2023-06-11
C055,Pooja Verma,Female,37,Bengaluru,Karnataka,2024-10-07
C056,Vikram Patel,Female,37,Bengaluru,Karnataka,2023-07-06
C057,Meera Kumar,Male,38,Kolkata,West Bengal,2022-10-20
C058,Neha Kumar,Female,20,Bengaluru,Karnataka,2023-12-04
C059,Ananya Yadav,Female,37,Mumbai,Maharashtra,2024-10-03
C060,Vikram Reddy,Female,43,Chennai,Tamil Nadu,2022-06-11
C061,Kavya Verma,Male,34,Jaipur,Rajasthan,2024-08-24
C062,Vikram Verma,Male,24,Chennai,Tamil Nadu,2024-02-22
C063,Aditya Patel,Female,23,Jaipur,Rajasthan,2023-10-26
C064,Arjun Gupta,Male,28,Delhi,Delhi,2022-06-07
C065,Sneha Yadav,Female,27,Mumbai,Maharashtra,2023-03-24
C066,Aditya Chatterjee,Female,38,Ahmedabad,Gujarat,2024-10-27
C067,Sanjay Gupta,Female,59,Lucknow,Uttar Pradesh,2024-07-27
C068,Priya Kumar,Female,28,Ahmedabad,Gujarat,2023-09-21
C069,Aman Kumar,Female,60,Jaipur,Rajasthan,2023-04-19
C070,Ankit Yadav,Female,26,Lucknow,Uttar Pradesh,2023-05-10
C071,Arjun Verma,Male,40,Hyderabad,Telangana,2023-03-25
C072,Ananya Kumar,Male,48,Kolkata,West Bengal,2023-01-13
C073,Isha Chatterjee,Male,50,Delhi,Delhi,2024-10-01
C074,Isha Mishra,Male,32,Pune,Maharashtra,2022-11-14
C075,Pooja Sharma,Male,54,Lucknow,Uttar Pradesh,2024-07-20
C076,Priya Patel,Male,32,Kolkata,West Bengal,2023-08-13
C077,Ankit Yadav,Female,54,Ahmedabad,Gujarat,2022-04-12
C078,Rahul Nair,Male,33,Chennai,Tamil Nadu,2022-12-01
C079,Neha Nair,Male,37,Jaipur,Rajasthan,2024-03-06
C080,Aarav Yadav,Female,34,Mumbai,Maharashtra,2022-07-08
C081,Isha Mishra,Female,41,Bengaluru,Karnataka,2024-04-16
C082,Ankit Joshi,Male,31,Mumbai,Maharashtra,2022-08-04
C083,Sneha Singh,Female,33,Chennai,Tamil Nadu,2022-07-23
C084,Rahul Mishra,Female,57,Kolkata,West Bengal,2022-11-05
C085,Meera Das,Male,24,Hyderabad,Telangana,2024-05-15
C086,Rohan Roy,Male,55,Chennai,Tamil Nadu,2023-04-26
C087,Arjun Gupta,Male,52,Lucknow,Uttar Pradesh,2023-01-17
C088,Isha Joshi,Male,55,Lucknow,Uttar Pradesh,2024-06-25
C089,Sanjay Mishra,Male,42,Lucknow,Uttar Pradesh,2023-09-17
C090,Sneha Kumar,Female,21,Bengaluru,Karnataka,2022-10-28
C091,Priya Nair,Male,37,Pune,Maharashtra,2022-07-04
C092,Meera Yadav,Male,21,Ahmedabad,Gujarat,2022-05-23
C093,Meera Verma,Male,39,Mumbai,Maharashtra,2023-01-12
C094,Karan Verma,Female,44,Jaipur,Rajasthan,2023-03-27
C095,Sneha Kumar,Male,54,Lucknow,Uttar Pradesh,2023-10-19
C096,Karan Kapoor,Female,31,Hyderabad,Telangana,2023-11-23
C097,Rahul Patel,Male,34,Lucknow,Uttar Pradesh,2022-06-18
C098,Riya Verma,Female,52,Jaipur,Rajasthan,2024-10-17
C099,Ananya Reddy,Female,27,Pune,Maharashtra,2024-11-02
C100,Arjun Singh,Male,25,Pune,Maharashtra,2024-09-04
C101,Priya Patel,Female,60,Delhi,Delhi,2024-05-02
C102,Ankit Joshi,Male,56,Jaipur,Rajasthan,2023-05-06
C103,Vikram Roy,Male,42,Jaipur,Rajasthan,2022-12-18
C104,Pooja Kumar,Male,52,Delhi,Delhi,2024-01-02
C105,Riya Sharma,Female,54,Lucknow,Uttar Pradesh,2024-11-14
C106,Arjun Singh,Female,27,Bengaluru,Karnataka,2024-05-26
C107,Aarav Kumar,Male,54,Delhi,Delhi,2024-02-16
C108,Sanjay Patel,Female,19,Ahmedabad,Gujarat,2023-10-24
C109,Rahul Patel,Male,39,Hyderabad,Telangana,2022-05-25
C110,Karan Sharma,Male,42,Chennai,Tamil Nadu,2024-06-06
C111,Meera Verma,Female,56,Pune,Maharashtra,2022-03-01
C112,Arjun Verma,Male,43,Chennai,Tamil Nadu,2024-10-05
C113,Vikram Joshi,Female,53,Mumbai,Maharashtra,2022-05-05
C114,Pooja Roy,Male,42,Mumbai,Maharashtra,2024-10-07
C115,Aditya Gupta,Male,51,Delhi,Delhi,2024-05-02
C116,Kavya Verma,Male,55,Delhi,Delhi,2024-02-16
C117,Sanjay Chatterjee,Male,27,Hyderabad,Telangana,2024-03-17
C118,Rahul Roy,Male,22,Delhi,Delhi,2024-11-24
C119,Vivaan Joshi,Female,44,Chennai,Tamil Nadu,2022-09-09
C120,Aditya Singh,Female,22,Hyderabad,Telangana,2022-07-20
C121,Neha Yadav,Male,56,Bengaluru,Karnataka,2024-05-12
C122,Aarav Sharma,Male,33,Kolkata,West Bengal,2023-08-23
C123,Karan Nair,Female,21,Ahmedabad,Gujarat,2023-02-24
C124,Neha Singh,Female,59,Mumbai,Maharashtra,2024-03-01
C125,Arjun Nair,Female,58,Pune,Maharashtra,2022-02-18
C126,Kavya Verma,Male,26,Chennai,Tamil Nadu,2023-06-19
C127,Karan Reddy,Male,43,Bengaluru,Karnataka,2022-08-08
C128,Priya Nair,Female,35,Pune,Maharashtra,2023-04-20
C129,Priya Chatterjee,Male,37,Delhi,Delhi,2023-12-26
C130,Priya Das,Male,57,Ahmedabad,Gujarat,2023-09-25
C131,Sanjay Gupta,Male,55,Mumbai,Maharashtra,2022-12-03
C132,Kavya Kapoor,Male,21,Lucknow,Uttar Pradesh,2022-03-25
C133,Aditya Kumar,Male,55,Pune,Maharashtra,2024-02-21
C134,Rohan Roy,Female,49,Kolkata,West Bengal,2022-01-24
C135,Sanjay Verma,Female,19,Delhi,Delhi,2023-09-15
C136,Vikram Nair,Male,35,Chennai,Tamil Nadu,2022-09-15
C137,Sneha Kapoor,Male,28,Delhi,Delhi,2022-03-17
C138,Arjun Kapoor,Female,20,Hyderabad,Telangana,2023-02-06
C139,Kavya Gupta,Male,38,Kolkata,West Bengal,2022-06-17
C140,Aman Sharma,Female,36,Delhi,Delhi,2024-12-22
C141,Aditya Patel,Female,42,Hyderabad,Telangana,2023-03-17
C142,Ankit Roy,Female,39,Mumbai,Maharashtra,2023-07-16
C143,Aditya Chatterjee,Male,53,Bengaluru,Karnataka,2022-12-18
C144,Vikram Roy,Male,45,Bengaluru,Karnataka,2023-09-23
C145,Riya Verma,Female,38,Hyderabad,Telangana,2024-04-17
C146,Arjun Chatterjee,Male,43,Delhi,Delhi,2024-07-20
C147,Riya Das,Male,22,Delhi,Delhi,2024-06-24
C148,Isha Patel,Female,23,Mumbai,Maharashtra,2024-03-13
C149,Aman Sharma,Male,46,Ahmedabad,Gujarat,2023-06-19
C150,Vivaan Kumar,Male,43,Ahmedabad,Gujarat,2024-03-15
C151,Pooja Joshi,Female,60,Delhi,Delhi,2024-07-18
C152,Aditya Patel,Female,53,Jaipur,Rajasthan,2022-11-07
C153,Rohan Yadav,Female,44,Mumbai,Maharashtra,2023-08-25
C154,Pooja Singh,Female,47,Chennai,Tamil Nadu,2024-09-16
C155,Aman Singh,Female,24,Chennai,Tamil Nadu,2024-10-12
C156,Vikram Das,Male,48,Delhi,Delhi,2022-01-10
C157,Kavya Das,Male,46,Ahmedabad,Gujarat,2022-08-09
C158,Rohan Chatterjee,Female,27,Ahmedabad,Gujarat,2024-10-01
C159,Arjun Kumar,Female,22,Bengaluru,Karnataka,2023-01-11
C160,Ananya Reddy,Male,35,Bengaluru,Karnataka,2024-06-15
C161,Kavya Verma,Male,59,Kolkata,West Bengal,2024-07-25
C162,Ananya Roy,Female,52,Kolkata,West Bengal,2024-05-04
C163,Isha Roy,Female,43,Delhi,Delhi,2022-02-26
C164,Sanjay Kumar,Female,56,Hyderabad,Telangana,2023-10-26
C165,Vikram Mishra,Female,50,Kolkata,West Bengal,2023-12-26
C166,Aman Nair,Male,38,Delhi,Delhi,2023-04-01
C167,Kavya Verma,Female,26,Delhi,Delhi,2022-01-14
C168,Sneha Chatterjee,Female,35,Mumbai,Maharashtra,2024-02-15
C169,Rahul Joshi,Male,55,Jaipur,Rajasthan,2022-07-02
C170,Ananya Nair,Female,48,Bengaluru,Karnataka,2024-02-26
C171,Meera Roy,Male,53,Kolkata,West Bengal,2022-03-28
C172,Vikram Roy,Female,25,Delhi,Delhi,2022-11-22
C173,Arjun Chatterjee,Female,38,Kolkata,West Bengal,2023-10-02
C174,Rohan Kapoor,Female,32,Lucknow,Uttar Pradesh,2022-12-11
C175,Meera Gupta,Female,32,Jaipur,Rajasthan,2024-11-24
C176,Vivaan Joshi,Male,42,Hyderabad,Telangana,2022-08-24
C177,Arjun Kapoor,Female,20,Chennai,Tamil Nadu,2023-09-20
C178,Riya Sharma,Female,18,Bengaluru,Karnataka,2022-04-24
C179,Ankit Sharma,Male,35,Chennai,Tamil Nadu,2024-02-14
C180,Pooja Chatterjee,Female,40,Jaipur,Rajasthan,2024-03-27
C181,Isha Chatterjee,Male,27,Pune,Maharashtra,2024-02-21
C182,Aman Roy,Female,30,Lucknow,Uttar Pradesh,2024-06-14
C183,Vikram Verma,Male,53,Delhi,Delhi,2024-04-07
C184,Arjun Yadav,Female,55,Chennai,Tamil Nadu,2023-03-02
C185,Kavya Gupta,Female,50,Bengaluru,Karnataka,2022-04-02
C186,Meera Mishra,Male,35,Bengaluru,Karnataka,2022-04-28
C187,Karan Patel,Female,55,Ahmedabad,Gujarat,2022-12-15
C188,Karan Gupta,Male,19,Jaipur,Rajasthan,2023-07-01
C189,Priya Roy,Female,20,Lucknow,Uttar Pradesh,2024-08-20
C190,Riya Joshi,Female,34,Lucknow,Uttar Pradesh,2024-07-05
C191,Ananya Das,Male,45,Ahmedabad,Gujarat,2022-09-19
C192,Rahul Chatterjee,Male,43,Delhi,Delhi,2023-10-05
C193,Sanjay Chatterjee,Female,31,Jaipur,Rajasthan,2024-10-04
C194,Neha Nair,Female,34,Lucknow,Uttar Pradesh,2022-11-22
C195,Pooja Mishra,Male,55,Ahmedabad,Gujarat,2023-06-19
C196,Ankit Kumar,Female,43,Kolkata,West Bengal,2022-01-28
C197,Vikram Nair,Female,46,Mumbai,Maharashtra,2024-10-20
C198,Ananya Chatterjee,Female,23,Mumbai,Maharashtra,2022-07-15
C199,Kavya Sharma,Male,36,Bengaluru,Karnataka,2022-08-20
C200,Sanjay Verma,Female,40,Bengaluru,Karnataka,2023-08-16
C201,Isha Kapoor,Female,36,Bengaluru,Karnataka,2022-10-19
C202,Vivaan Singh,Male,43,Pune,Maharashtra,2024-08-20
C203,Ananya Reddy,Male,20,Bengaluru,Karnataka,2022-11-08
C204,Aditya Joshi,Male,53,Kolkata,West Bengal,2023-05-22
C205,Meera Yadav,Female,45,Hyderabad,Telangana,2023-05-21
C206,Arjun Verma,Male,18,Pune,Maharashtra,2024-03-03
C207,Rohan Yadav,Female,42,Chennai,Tamil Nadu,2023-03-10
C208,Rohan Chatterjee,Male,39,Delhi,Delhi,2024-08-04
C209,Vivaan Verma,Female,40,Pune,Maharashtra,2024-01-13
C210,Ankit Sharma,Male,24,Bengaluru,Karnataka,2024-06-12
C211,Meera Sharma,Female,28,Chennai,Tamil Nadu,2023-05-03
C212,Aman Chatterjee,Male,49,Lucknow,Uttar Pradesh,2022-01-20
C213,Karan Joshi,Female,54,Delhi,Delhi,2023-04-28
C214,Isha Gupta,Male,51,Kolkata,West Bengal,2022-11-04
C215,Sneha Roy,Female,59,Mumbai,Maharashtra,2023-01-25
C216,Arjun Reddy,Male,27,Lucknow,Uttar Pradesh,2022-05-06
C217,Rahul Sharma,Male,42,Delhi,Delhi,2023-11-15
C218,Ananya Joshi,Female,56,Jaipur,Rajasthan,2023-12-15
C219,Karan Singh,Male,46,Delhi,Delhi,2024-12-03
C220,Isha Roy,Male,19,Delhi,Delhi,2022-10-23
C221,Isha Verma,Female,60,Mumbai,Maharashtra,2023-07-10
C222,Pooja Mishra,Male,38,Jaipur,Rajasthan,2023-08-11
C223,Rahul Gupta,Male,37,Hyderabad,Telangana,2023-03-02
C224,Aman Chatterjee,Female,34,Ahmedabad,Gujarat,2022-04-07
C225,Neha Yadav,Male,59,Pune,Maharashtra,2023-08-07
C226,Pooja Joshi,Female,56,Kolkata,West Bengal,2022-04-01
C227,Kavya Joshi,Female,50,Jaipur,Rajasthan,2024-02-06
C228,Rohan Joshi,Female,59,Lucknow,Uttar Pradesh,2023-02-01
C229,Ananya Singh,Male,22,Jaipur,Rajasthan,2023-04-05
C230,Vikram Verma,Male,24,Pune,Maharashtra,2024-04-10
C231,Riya Yadav,Male,36,Jaipur,Rajasthan,2022-02-22
C232,Rahul Gupta,Male,41,Hyderabad,Telangana,2023-03-27
C233,Vivaan Roy,Male,25,Bengaluru,Karnataka,2024-04-17
C234,Rahul Mishra,Female,39,Kolkata,West Bengal,2022-03-12
C235,Karan Das,Female,18,Hyderabad,Telangana,2024-07-02
C236,Aditya Singh,Male,27,Mumbai,Maharashtra,2024-02-05
C237,Arjun Reddy,Male,20,Hyderabad,Telangana,2022-08-05
C238,Aarav Gupta,Female,52,Ahmedabad,Gujarat,2023-11-09
C239,Arjun Gupta,Male,28,Bengaluru,Karnataka,2024-01-21
C240,Neha Mishra,Female,27,Kolkata,West Bengal,2023-11-25
C241,Vivaan Chatterjee,Male,60,Chennai,Tamil Nadu,2023-02-08
C242,Rahul Chatterjee,Female,25,Ahmedabad,Gujarat,2024-09-26
C243,Rahul Sharma,Male,51,Mumbai,Maharashtra,2024-09-11
C244,Karan Verma,Female,59,Pune,Maharashtra,2022-01-11
C245,Riya Roy,Female,40,Lucknow,Uttar Pradesh,2024-10-22
C246,Isha Reddy,Female,29,Kolkata,West Bengal,2022-07-20
C247,Pooja Sharma,Female,51,Ahmedabad,Gujarat,2024-03-17
C248,Aarav Singh,Female,45,Ahmedabad,Gujarat,2024-07-06
C249,Aarav Sharma,Female,59,Ahmedabad,Gujarat,2023-12-10
C250,Aman Das,Male,59,Chennai,Tamil Nadu,2023-08-24
C251,Rahul Gupta,Female,39,Delhi,Delhi,2023-09-24
C252,Sanjay Gupta,Male,39,Chennai,Tamil Nadu,2023-07-06
C253,Ananya Patel,Male,35,Kolkata,West Bengal,2023-07-26
C254,Aditya Gupta,Male,45,Chennai,Tamil Nadu,2022-05-15
C255,Neha Singh,Female,57,Mumbai,Maharashtra,2023-08-11
C256,Aman Nair,Male,25,Ahmedabad,Gujarat,2023-09-11
C257,Ankit Nair,Male,35,Bengaluru,Karnataka,2023-08-16
C258,Kavya Das,Female,50,Bengaluru,Karnataka,2024-01-07
C259,Rahul Patel,Female,51,Pune,Maharashtra,2022-05-18
C260,Priya Sharma,Male,27,Jaipur,Rajasthan,2022-01-19
C261,Vikram Kumar,Female,23,Pune,Maharashtra,2024-01-20
C262,Meera Mishra,Female,47,Ahmedabad,Gujarat,2024-12-10
C263,Isha Patel,Female,25,Ahmedabad,Gujarat,2022-10-21
C264,Karan Nair,Female,26,Bengaluru,Karnataka,2023-09-16
C265,Vikram Verma,Female,21,Chennai,Tamil Nadu,2024-04-20
C266,Neha Joshi,Male,54,Delhi,Delhi,2024-12-02
C267,Vivaan Sharma,Female,60,Hyderabad,Telangana,2024-10-25
C268,Vikram Sharma,Female,48,Pune,Maharashtra,2024-05-11
C269,Ankit Yadav,Male,55,Lucknow,Uttar Pradesh,2024-03-28
C270,Neha Yadav,Male,51,Hyderabad,Telangana,2022-06-21
C271,Aman Joshi,Male,34,Jaipur,Rajasthan,2022-09-12
C272,Vikram Joshi,Male,25,Hyderabad,Telangana,2022-04-19
C273,Kavya Sharma,Female,58,Chennai,Tamil Nadu,2023-07-01
C274,Arjun Kumar,Male,41,Delhi,Delhi,2023-09-16
C275,Isha Singh,Female,18,Jaipur,Rajasthan,2023-01-19
C276,Meera Reddy,Female,28,Chennai,Tamil Nadu,2022-10-15
C277,Aditya Gupta,Male,32,Hyderabad,Telangana,2022-09-23
C278,Karan Verma,Male,38,Bengaluru,Karnataka,2023-07-03
C279,Rahul Reddy,Male,60,Kolkata,West Bengal,2022-04-03
C280,Sanjay Joshi,Female,30,Delhi,Delhi,2023-01-03
C281,Kavya Das,Female,19,Bengaluru,Karnataka,2023-11-10
C282,Aditya Kumar,Male,47,Bengaluru,Karnataka,2024-10-24
C283,Kavya Gupta,Male,28,Chennai,Tamil Nadu,2024-12-04
C284,Pooja Chatterjee,Male,53,Mumbai,Maharashtra,2023-07-04
C285,Ankit Yadav,Female,49,Chennai,Tamil Nadu,2023-02-25
C286,Kavya Mishra,Female,29,Pune,Maharashtra,2022-10-20
C287,Ankit Verma,Female,59,Pune,Maharashtra,2022-08-24
C288,Kavya Gupta,Female,44,Lucknow,Uttar Pradesh,2023-10-06
C289,Sanjay Joshi,Female,20,Mumbai,Maharashtra,2023-11-05
C290,Rahul Yadav,Male,38,Chennai,Tamil Nadu,2022-01-25
C291,Sneha Yadav,Female,19,Chennai,Tamil Nadu,2023-05-27
C292,Rahul Patel,Female,25,Jaipur,Rajasthan,2023-09-14
C293,Pooja Nair,Female,22,Lucknow,Uttar Pradesh,2022-08-20
C294,Kavya Nair,Male,19,Jaipur,Rajasthan,2022-05-16
C295,Rahul Roy,Female,56,Bengaluru,Karnataka,2024-06-21
C296,Riya Yadav,Male,32,Kolkata,West Bengal,2023-09-02
C297,Rahul Gupta,Female,38,Mumbai,Maharashtra,2023-09-22
C298,Priya Yadav,Female,53,Lucknow,Uttar Pradesh,2022-02-22
C299,Pooja Nair,Male,60,Mumbai,Maharashtra,2024-09-13
C300,Kavya Singh,Female,59,Bengaluru,Karnataka,2024-11-16
C301,Kavya Singh,Female,34,Ahmedabad,Gujarat,2023-07-02
C302,Aarav Nair,Female,41,Delhi,Delhi,2024-06-16
C303,Ankit Chatterjee,Female,19,Delhi,Delhi,2024-03-20
C304,Sneha Mishra,Female,41,Jaipur,Rajasthan,2024-03-25
C305,Sanjay Kumar,Female,52,Hyderabad,Telangana,2024-10-01
C306,Ankit Chatterjee,Female,29,Kolkata,West Bengal,2024-07-26
C307,Sneha Singh,Female,19,Pune,Maharashtra,2023-04-25
C308,Rahul Kapoor,Male,25,Chennai,Tamil Nadu,2022-05-01
C309,Sneha Chatterjee,Female,59,Mumbai,Maharashtra,2022-01-12
C310,Kavya Das,Female,38,Chennai,Tamil Nadu,2024-08-14
C311,Karan Kumar,Male,23,Kolkata,West Bengal,2024-04-27
C312,Pooja Verma,Male,41,Ahmedabad,Gujarat,2022-03-13
C313,Karan Reddy,Male,46,Chennai,Tamil Nadu,2023-05-26
C314,Aarav Verma,Female,36,Lucknow,Uttar Pradesh,2024-03-09
C315,Priya Kapoor,Female,47,Delhi,Delhi,2022-08-27
C316,Rahul Joshi,Male,23,Delhi,Delhi,2024-12-20
C317,Rohan Yadav,Male,37,Mumbai,Maharashtra,2024-06-08
C318,Arjun Kapoor,Female,26,Jaipur,Rajasthan,2024-12-27
C319,Vivaan Nair,Female,19,Chennai,Tamil Nadu,2024-12-05
C320,Priya Reddy,Female,30,Kolkata,West Bengal,2024-02-05
C321,Sneha Gupta,Female,29,Chennai,Tamil Nadu,2024-06-18
C322,Aman Singh,Female,25,Chennai,Tamil Nadu,2022-02-02
C323,Isha Chatterjee,Male,59,Hyderabad,Telangana,2024-04-12
C324,Ananya Sharma,Male,23,Bengaluru,Karnataka,2024-07-27
C325,Sanjay Kapoor,Female,30,Chennai,Tamil Nadu,2023-03-10
C326,Aman Kumar,Male,35,Chennai,Tamil Nadu,2024-07-22
C327,Rohan Mishra,Female,32,Ahmedabad,Gujarat,2024-10-01
C328,Riya Kapoor,Female,31,Ahmedabad,Gujarat,2024-09-17
C329,Vikram Reddy,Female,45,Lucknow,Uttar Pradesh,2024-11-06
C330,Aarav Patel,Male,41,Chennai,Tamil Nadu,2022-02-28
C331,Kavya Nair,Female,57,Chennai,Tamil Nadu,2024-12-08
C332,Ananya Kumar,Female,54,Ahmedabad,Gujarat,2022-11-27
C333,Riya Yadav,Female,43,Kolkata,West Bengal,2024-09-02
C334,Arjun Nair,Male,33,Jaipur,Rajasthan,2024-01-20
C335,Ankit Gupta,Female,55,Lucknow,Uttar Pradesh,2023-12-18
C336,Ankit Kapoor,Female,44,Jaipur,Rajasthan,2023-06-16
C337,Rahul Verma,Male,39,Hyderabad,Telangana,2024-12-26
C338,Riya Yadav,Female,56,Hyderabad,Telangana,2023-06-18
C339,Meera Mishra,Female,46,Jaipur,Rajasthan,2023-12-03
C340,Kavya Das,Male,27,Ahmedabad,Gujarat,2023-09-20
C341,Sneha Chatterjee,Male,55,Kolkata,West Bengal,2022-01-16
C342,Vikram Yadav,Female,40,Chennai,Tamil Nadu,2023-12-28
C343,Isha Chatterjee,Female,38,Chennai,Tamil Nadu,2024-09-27
C344,Ankit Yadav,Male,28,Lucknow,Uttar Pradesh,2024-06-25
C345,Karan Das,Female,40,Kolkata,West Bengal,2024-05-07
C346,Aman Das,Female,57,Lucknow,Uttar Pradesh,2023-09-07
C347,Priya Patel,Female,56,Pune,Maharashtra,2022-06-19
C348,Sneha Reddy,Female,45,Mumbai,Maharashtra,2022-01-21
C349,Meera Verma,Male,54,Jaipur,Rajasthan,2024-07-05
C350,Riya Reddy,Female,40,Bengaluru,Karnataka,2024-06-03
C351,Priya Joshi,Female,59,Ahmedabad,Gujarat,2023-08-16
C352,Meera Yadav,Female,59,Ahmedabad,Gujarat,2022-09-03
C353,Meera Reddy,Female,42,Chennai,Tamil Nadu,2024-07-25
C354,Pooja Gupta,Male,43,Hyderabad,Telangana,2023-05-24
C355,Rahul Yadav,Female,23,Pune,Maharashtra,2024-06-27
C356,Aarav Sharma,Female,32,Lucknow,Uttar Pradesh,2023-09-15
C357,Kavya Roy,Female,54,Kolkata,West Bengal,2023-03-19
C358,Pooja Mishra,Female,26,Pune,Maharashtra,2023-12-10
C359,Isha Kumar,Male,60,Bengaluru,Karnataka,2024-12-06
C360,Pooja Reddy,Male,28,Hyderabad,Telangana,2024-03-28
C361,Sanjay Nair,Male,37,Lucknow,Uttar Pradesh,2024-08-13
C362,Ananya Patel,Male,39,Delhi,Delhi,2024-08-27
C363,Kavya Mishra,Male,60,Kolkata,West Bengal,2022-05-15
C364,Rohan Roy,Male,29,Pune,Maharashtra,2022-09-07
C365,Kavya Das,Female,20,Mumbai,Maharashtra,2024-02-15
C366,Riya Gupta,Male,37,Hyderabad,Telangana,2022-04-10
C367,Neha Kapoor,Female,55,Delhi,Delhi,2024-02-09
C368,Ananya Verma,Female,58,Delhi,Delhi,2024-06-16
C369,Vikram Nair,Male,18,Kolkata,West Bengal,2024-07-26
C370,Neha Kumar,Female,33,Ahmedabad,Gujarat,2022-12-15
C371,Ananya Yadav,Male,34,Chennai,Tamil Nadu,2023-01-20
C372,Arjun Yadav,Male,53,Delhi,Delhi,2023-01-24
C373,Rohan Kumar,Female,30,Hyderabad,Telangana,2023-09-13
C374,Arjun Sharma,Male,55,Mumbai,Maharashtra,2024-05-23
C375,Meera Sharma,Male,35,Lucknow,Uttar Pradesh,2023-11-12
C376,Ananya Gupta,Male,38,Jaipur,Rajasthan,2022-04-11
C377,Aarav Reddy,Male,29,Lucknow,Uttar Pradesh,2023-06-18
C378,Vivaan Kumar,Female,20,Kolkata,West Bengal,2022-06-21
C379,Vikram Chatterjee,Male,38,Ahmedabad,Gujarat,2024-02-23
C380,Neha Chatterjee,Female,25,Pune,Maharashtra,2024-12-20
C381,Vivaan Kumar,Male,59,Bengaluru,Karnataka,2024-05-23
C382,Priya Yadav,Male,56,Hyderabad,Telangana,2024-03-08
C383,Karan Nair,Male,37,Ahmedabad,Gujarat,2023-12-09
C384,Aditya Nair,Female,56,Lucknow,Uttar Pradesh,2023-07-25
C385,Vikram Gupta,Male,43,Ahmedabad,Gujarat,2024-12-07
C386,Aditya Das,Female,36,Delhi,Delhi,2022-05-15
C387,Aarav Reddy,Male,29,Lucknow,Uttar Pradesh,2022-04-16
C388,Pooja Nair,Female,56,Chennai,Tamil Nadu,2022-08-04
C389,Aditya Verma,Male,45,Hyderabad,Telangana,2022-02-22
C390,Vikram Kumar,Female,21,Jaipur,Rajasthan,2024-06-19
C391,Priya Das,Female,28,Mumbai,Maharashtra,2023-07-19
C392,Sanjay Gupta,Male,58,Mumbai,Maharashtra,2023-08-09
C393,Pooja Nair,Female,22,Lucknow,Uttar Pradesh,2022-08-25
C394,Riya Sharma,Female,32,Jaipur,Rajasthan,2023-04-05
C395,Riya Joshi,Female,35,Bengaluru,Karnataka,2022-02-23
C396,Priya Patel,Female,20,Lucknow,Uttar Pradesh,2024-02-18
C397,Aarav Reddy,Female,28,Mumbai,Maharashtra,2023-12-27
C398,Aman Kumar,Male,20,Hyderabad,Telangana,2024-10-15
C399,Aditya Singh,Female,48,Delhi,Delhi,2024-06-11
C400,Vikram Kapoor,Male,33,Kolkata,West Bengal,2024-09-13
C401,Riya Gupta,Female,56,Ahmedabad,Gujarat,2024-09-12
C402,Ananya Sharma,Female,21,Delhi,Delhi,2024-03-11
C403,Kavya Nair,Male,51,Pune,Maharashtra,2024-05-11
C404,Ankit Joshi,Male,24,Chennai,Tamil Nadu,2023-02-05
C405,Arjun Mishra,Female,25,Lucknow,Uttar Pradesh,2023-04-18
C406,Vikram Reddy,Female,21,Hyderabad,Telangana,2022-01-03
C407,Karan Mishra,Female,43,Chennai,Tamil Nadu,2023-09-20
C408,Isha Joshi,Female,19,Ahmedabad,Gujarat,2024-05-22
C409,Sanjay Kapoor,Male,42,Kolkata,West Bengal,2024-12-09
C410,Vikram Joshi,Male,42,Mumbai,Maharashtra,2022-01-15
C411,Kavya Verma,Male,39,Ahmedabad,Gujarat,2023-08-19
C412,Pooja Kapoor,Male,19,Pune,Maharashtra,2022-09-25
C413,Ankit Singh,Female,60,Pune,Maharashtra,2023-07-17
C414,Arjun Roy,Male,58,Jaipur,Rajasthan,2024-12-08
C415,Vivaan Mishra,Female,28,Hyderabad,Telangana,2022-11-05
C416,Neha Reddy,Female,20,Delhi,Delhi,2022-03-21
C417,Pooja Yadav,Female,24,Pune,Maharashtra,2024-09-10
C418,Vivaan Roy,Male,45,Mumbai,Maharashtra,2022-04-15
C419,Vivaan Patel,Female,34,Lucknow,Uttar Pradesh,2022-10-19
C420,Kavya Mishra,Female,59,Bengaluru,Karnataka,2024-02-28
C421,Karan Singh,Female,46,Bengaluru,Karnataka,2023-08-16
C422,Sanjay Nair,Female,54,Pune,Maharashtra,2022-07-01
C423,Vivaan Verma,Male,21,Mumbai,Maharashtra,2022-06-08
C424,Rohan Sharma,Female,47,Hyderabad,Telangana,2022-11-04
C425,Neha Chatterjee,Male,60,Delhi,Delhi,2024-10-06
C426,Sanjay Singh,Female,41,Kolkata,West Bengal,2022-08-06
C427,Vivaan Reddy,Female,24,Kolkata,West Bengal,2022-01-13
C428,Aman Das,Male,28,Chennai,Tamil Nadu,2024-12-15
C429,Karan Chatterjee,Female,58,Kolkata,West Bengal,2022-03-23
C430,Kavya Gupta,Male,52,Lucknow,Uttar Pradesh,2022-10-20
C431,Arjun Das,Male,51,Hyderabad,Telangana,2024-09-08
C432,Rohan Sharma,Female,19,Ahmedabad,Gujarat,2023-04-07
C433,Arjun Verma,Male,18,Kolkata,West Bengal,2023-11-05
C434,Ananya Joshi,Male,40,Chennai,Tamil Nadu,2023-01-17
C435,Riya Yadav,Female,42,Mumbai,Maharashtra,2024-03-04
C436,Sanjay Das,Male,35,Jaipur,Rajasthan,2022-11-04
C437,Priya Nair,Female,50,Lucknow,Uttar Pradesh,2024-10-11
C438,Isha Roy,Female,25,Kolkata,West Bengal,2024-09-01
C439,Rohan Verma,Male,36,Jaipur,Rajasthan,2023-04-11
C440,Arjun Sharma,Male,55,Pune,Maharashtra,2022-12-24
C441,Kavya Mishra,Male,46,Chennai,Tamil Nadu,2024-10-20
C442,Ankit Patel,Female,27,Ahmedabad,Gujarat,2022-09-12
C443,Karan Sharma,Female,48,Lucknow,Uttar Pradesh,2022-11-24
C444,Riya Mishra,Female,39,Mumbai,Maharashtra,2024-06-09
C445,Priya Roy,Female,24,Bengaluru,Karnataka,2024-10-25
C446,Arjun Verma,Female,25,Jaipur,Rajasthan,2023-08-27
C447,Sneha Mishra,Male,42,Bengaluru,Karnataka,2024-03-17
C448,Karan Patel,Male,50,Ahmedabad,Gujarat,2022-12-09
C449,Aarav Reddy,Male,60,Hyderabad,Telangana,2022-03-08
C450,Rahul Sharma,Male,33,Chennai,Tamil Nadu,2024-11-17
C451,Kavya Yadav,Female,36,Chennai,Tamil Nadu,2024-07-09
C452,Pooja Gupta,Male,38,Pune,Maharashtra,2024-01-09
C453,Ankit Gupta,Male,54,Hyderabad,Telangana,2023-06-09
C454,Sneha Reddy,Female,29,Mumbai,Maharashtra,2024-10-08
C455,Meera Gupta,Female,58,Lucknow,Uttar Pradesh,2024-02-15
C456,Rohan Kumar,Male,54,Bengaluru,Karnataka,2022-02-24
C457,Aarav Nair,Male,52,Delhi,Delhi,2023-04-13
C458,Aditya Kumar,Male,54,Hyderabad,Telangana,2023-12-05
C459,Priya Mishra,Male,35,Kolkata,West Bengal,2022-01-27
C460,Kavya Gupta,Female,31,Delhi,Delhi,2024-06-18
C461,Neha Singh,Female,31,Delhi,Delhi,2022-06-10
C462,Rohan Sharma,Male,51,Mumbai,Maharashtra,2022-01-18
C463,Karan Singh,Female,55,Pune,Maharashtra,2022-11-21
C464,Vikram Kapoor,Female,55,Jaipur,Rajasthan,2024-12-13
C465,Karan Patel,Female,32,Pune,Maharashtra,2023-05-24
C466,Sanjay Sharma,Male,20,Chennai,Tamil Nadu,2024-04-04
C467,Sanjay Sharma,Female,55,Delhi,Delhi,2023-03-05
C468,Meera Nair,Female,59,Delhi,Delhi,2024-04-07
C469,Pooja Joshi,Female,56,Hyderabad,Telangana,2023-01-15
C470,Vikram Mishra,Female,23,Delhi,Delhi,2024-06-25
C471,Sanjay Singh,Female,26,Hyderabad,Telangana,2024-01-07
C472,Rahul Chatterjee,Male,48,Ahmedabad,Gujarat,2022-05-28
C473,Ankit Das,Male,25,Jaipur,Rajasthan,2023-01-26
C474,Arjun Kapoor,Male,29,Lucknow,Uttar Pradesh,2024-11-10
C475,Aman Mishra,Female,60,Lucknow,Uttar Pradesh,2024-12-26
C476,Isha Singh,Female,40,Hyderabad,Telangana,2024-02-01
C477,Meera Gupta,Male,54,Ahmedabad,Gujarat,2022-03-10
C478,Karan Yadav,Female,37,Chennai,Tamil Nadu,2023-10-20
C479,Vikram Mishra,Male,52,Bengaluru,Karnataka,2023-07-19
C480,Neha Mishra,Female,26,Delhi,Delhi,2023-11-18
C481,Meera Kapoor,Female,43,Hyderabad,Telangana,2024-03-12
C482,Isha Joshi,Male,51,Pune,Maharashtra,2024-06-08
C483,Riya Chatterjee,Female,54,Lucknow,Uttar Pradesh,2023-07-17
C484,Arjun Patel,Male,26,Kolkata,West Bengal,2024-06-12
C485,Vikram Patel,Female,37,Lucknow,Uttar Pradesh,2023-11-18
C486,Sanjay Verma,Female,18,Hyderabad,Telangana,2023-06-02
C487,Neha Das,Male,29,Mumbai,Maharashtra,2023-11-13
C488,Pooja Mishra,Male,27,Delhi,Delhi,2022-11-08
C489,Vivaan Patel,Female,38,Mumbai,Maharashtra,2023-04-16
C490,Rohan Verma,Male,48,Chennai,Tamil Nadu,2023-10-12
C491,Ankit Das,Female,47,Chennai,Tamil Nadu,2024-10-17
C492,Ananya Reddy,Male,35,Ahmedabad,Gujarat,2022-04-25
C493,Vikram Gupta,Male,36,Ahmedabad,Gujarat,2022-10-25
C494,Isha Patel,Female,29,Mumbai,Maharashtra,2023-11-19
C495,Aditya Chatterjee,Male,19,Bengaluru,Karnataka,2023-01-07
C496,Aarav Patel,Female,41,Bengaluru,Karnataka,2024-10-01
C497,Rahul Joshi,Male,34,Delhi,Delhi,2024-10-26
C498,Pooja Yadav,Male,32,Delhi,Delhi,2022-12-04
C499,Pooja Gupta,Female,24,Jaipur,Rajasthan,2024-10-02
C500,Vikram Reddy,Male,43,Hyderabad,Telangana,2022-07-10
